insert into account
(id, username, password, userid, email, is_login)
values
('1', 'username1', 'password1', '1', 'email.1@gmail.com', 'false'),
('2', 'username2', 'password2', '2', 'email.2@gmail.com', 'false'),
('3', 'username3', 'password3', '3', 'email.3@gmail.com', 'false'),
('4', 'username4', 'password4', '4', 'email.4@gmail.com', 'false'),
('5', 'username5', 'password5', '5', 'email.5@gmail.com', 'false'),
('6', 'username6', 'password6', '6', 'email.6@gmail.com', 'false'),
('7', 'username7', 'password7', '7', 'email.7@gmail.com', 'false'),
('8', 'username8', 'password8', '8', 'email.8@gmail.com', 'false'),
('9', 'username9', 'password9', '9', 'email.9@gmail.com', 'false'),
('10', 'username10', 'password10', '10', 'email.10@gmail.com', 'false'),
('11', 'username11', 'password11', '11', 'email.11@gmail.com', 'false'),
('12', 'username12', 'password12', '12', 'email.12@gmail.com', 'false'),
('13', 'username13', 'password13', '13', 'email.13@gmail.com', 'false'),
('14', 'username14', 'password14', '14', 'email.14@gmail.com', 'false'),
('15', 'username15', 'password15', '15', 'email.15@gmail.com', 'false'),
('16', 'username16', 'password16', '16', 'email.16@gmail.com', 'false'),
('17', 'username17', 'password17', '17', 'email.17@gmail.com', 'false'),
('18', 'username18', 'password18', '18', 'email.18@gmail.com', 'false'),
('19', 'username19', 'password19', '19', 'email.19@gmail.com', 'false'),
('20', 'username20', 'password20', '20', 'email.20@gmail.com', 'false'),
('21', 'username21', 'password21', '21', 'email.21@gmail.com', 'false'),
('22', 'username22', 'password22', '22', 'email.22@gmail.com', 'false'),
('23', 'username23', 'password23', '23', 'email.23@gmail.com', 'false'),
('24', 'username24', 'password24', '24', 'email.24@gmail.com', 'false'),
('25', 'username25', 'password25', '25', 'email.25@gmail.com', 'false'),
('26', 'username26', 'password26', '26', 'email.26@gmail.com', 'false'),
('27', 'username27', 'password27', '27', 'email.27@gmail.com', 'false'),
('28', 'username28', 'password28', '28', 'email.28@gmail.com', 'false'),
('29', 'username29', 'password29', '29', 'email.29@gmail.com', 'false'),
('30', 'username30', 'password30', '30', 'email.30@gmail.com', 'false'),
('31', 'username31', 'password31', '31', 'email.31@gmail.com', 'false'),
('32', 'username32', 'password32', '32', 'email.32@gmail.com', 'false'),
('33', 'username33', 'password33', '33', 'email.33@gmail.com', 'false'),
('34', 'username34', 'password34', '34', 'email.34@gmail.com', 'false'),
('35', 'username35', 'password35', '35', 'email.35@gmail.com', 'false'),
('36', 'username36', 'password36', '36', 'email.36@gmail.com', 'false'),
('37', 'username37', 'password37', '37', 'email.37@gmail.com', 'false'),
('38', 'username38', 'password38', '38', 'email.38@gmail.com', 'false'),
('39', 'username39', 'password39', '39', 'email.39@gmail.com', 'false'),
('40', 'username40', 'password40', '40', 'email.40@gmail.com', 'false'),
('41', 'username41', 'password41', '41', 'email.41@gmail.com', 'false'),
('42', 'username42', 'password42', '42', 'email.42@gmail.com', 'false'),
('43', 'username43', 'password43', '43', 'email.43@gmail.com', 'false'),
('44', 'username44', 'password44', '44', 'email.44@gmail.com', 'false'),
('45', 'username45', 'password45', '45', 'email.45@gmail.com', 'false'),
('46', 'username46', 'password46', '46', 'email.46@gmail.com', 'false'),
('47', 'username47', 'password47', '47', 'email.47@gmail.com', 'false'),
('48', 'username48', 'password48', '48', 'email.48@gmail.com', 'false'),
('49', 'username49', 'password49', '49', 'email.49@gmail.com', 'false'),
('50', 'username50', 'password50', '50', 'email.50@gmail.com', 'false'),
('51', 'username51', 'password51', '51', 'email.51@gmail.com', 'false'),
('52', 'username52', 'password52', '52', 'email.52@gmail.com', 'false'),
('53', 'username53', 'password53', '53', 'email.53@gmail.com', 'false'),
('54', 'username54', 'password54', '54', 'email.54@gmail.com', 'false'),
('55', 'username55', 'password55', '55', 'email.55@gmail.com', 'false'),
('56', 'username56', 'password56', '56', 'email.56@gmail.com', 'false'),
('57', 'username57', 'password57', '57', 'email.57@gmail.com', 'false'),
('58', 'username58', 'password58', '58', 'email.58@gmail.com', 'false'),
('59', 'username59', 'password59', '59', 'email.59@gmail.com', 'false'),
('60', 'username60', 'password60', '60', 'email.60@gmail.com', 'false'),
('61', 'username61', 'password61', '61', 'email.61@gmail.com', 'false'),
('62', 'username62', 'password62', '62', 'email.62@gmail.com', 'false'),
('63', 'username63', 'password63', '63', 'email.63@gmail.com', 'false'),
('64', 'username64', 'password64', '64', 'email.64@gmail.com', 'false'),
('65', 'username65', 'password65', '65', 'email.65@gmail.com', 'false'),
('66', 'username66', 'password66', '66', 'email.66@gmail.com', 'false'),
('67', 'username67', 'password67', '67', 'email.67@gmail.com', 'false'),
('68', 'username68', 'password68', '68', 'email.68@gmail.com', 'false'),
('69', 'username69', 'password69', '69', 'email.69@gmail.com', 'false'),
('70', 'username70', 'password70', '70', 'email.70@gmail.com', 'false'),
('71', 'username71', 'password71', '71', 'email.71@gmail.com', 'false'),
('72', 'username72', 'password72', '72', 'email.72@gmail.com', 'false'),
('73', 'username73', 'password73', '73', 'email.73@gmail.com', 'false'),
('74', 'username74', 'password74', '74', 'email.74@gmail.com', 'false'),
('75', 'username75', 'password75', '75', 'email.75@gmail.com', 'false'),
('76', 'username76', 'password76', '76', 'email.76@gmail.com', 'false'),
('77', 'username77', 'password77', '77', 'email.77@gmail.com', 'false'),
('78', 'username78', 'password78', '78', 'email.78@gmail.com', 'false'),
('79', 'username79', 'password79', '79', 'email.79@gmail.com', 'false'),
('80', 'username80', 'password80', '80', 'email.80@gmail.com', 'false'),
('81', 'username81', 'password81', '81', 'email.81@gmail.com', 'false'),
('82', 'username82', 'password82', '82', 'email.82@gmail.com', 'false'),
('83', 'username83', 'password83', '83', 'email.83@gmail.com', 'false'),
('84', 'username84', 'password84', '84', 'email.84@gmail.com', 'false'),
('85', 'username85', 'password85', '85', 'email.85@gmail.com', 'false'),
('86', 'username86', 'password86', '86', 'email.86@gmail.com', 'false'),
('87', 'username87', 'password87', '87', 'email.87@gmail.com', 'false'),
('88', 'username88', 'password88', '88', 'email.88@gmail.com', 'false'),
('89', 'username89', 'password89', '89', 'email.89@gmail.com', 'false'),
('90', 'username90', 'password90', '90', 'email.90@gmail.com', 'false'),
('91', 'username91', 'password91', '91', 'email.91@gmail.com', 'false'),
('92', 'username92', 'password92', '92', 'email.92@gmail.com', 'false'),
('93', 'username93', 'password93', '93', 'email.93@gmail.com', 'false'),
('94', 'username94', 'password94', '94', 'email.94@gmail.com', 'false'),
('95', 'username95', 'password95', '95', 'email.95@gmail.com', 'false'),
('96', 'username96', 'password96', '96', 'email.96@gmail.com', 'false'),
('97', 'username97', 'password97', '97', 'email.97@gmail.com', 'false'),
('98', 'username98', 'password98', '98', 'email.98@gmail.com', 'false'),
('99', 'username99', 'password99', '99', 'email.99@gmail.com', 'false'),
('100', 'username100', 'password100', '100', 'email.100@gmail.com', 'false')


----------------------------------------------------------------------
insert into admin
(id)
values
(1)

----------------------------------------------------------------------
insert into comment
(id, userid, content, number_like, dislike, flag)
values
('1', '59', 'This is comment 1', '7', '8', '3'),
('2', '79', 'This is comment 2', '11', '18', '4'),
('3', '54', 'This is comment 3', '7', '8', '1'),
('4', '39', 'This is comment 4', '21', '9', '4'),
('5', '95', 'This is comment 5', '4', '7', '4'),
('6', '30', 'This is comment 6', '18', '16', '2'),
('7', '97', 'This is comment 7', '25', '4', '3'),
('8', '78', 'This is comment 8', '4', '1', '5'),
('9', '72', 'This is comment 9', '15', '6', '4'),
('10', '66', 'This is comment 10', '24', '3', '4'),
('11', '15', 'This is comment 11', '22', '13', '4'),
('12', '31', 'This is comment 12', '13', '14', '3'),
('13', '34', 'This is comment 13', '4', '17', '6'),
('14', '66', 'This is comment 14', '8', '3', '3'),
('15', '67', 'This is comment 15', '5', '19', '2'),
('16', '19', 'This is comment 16', '12', '18', '6'),
('17', '29', 'This is comment 17', '23', '9', '2'),
('18', '53', 'This is comment 18', '20', '13', '1'),
('19', '36', 'This is comment 19', '9', '12', '5'),
('20', '45', 'This is comment 20', '10', '13', '2'),
('21', '96', 'This is comment 21', '8', '12', '1'),
('22', '77', 'This is comment 22', '14', '2', '2'),
('23', '66', 'This is comment 23', '16', '17', '3'),
('24', '96', 'This is comment 24', '14', '9', '4'),
('25', '90', 'This is comment 25', '10', '6', '2'),
('26', '22', 'This is comment 26', '4', '1', '5'),
('27', '18', 'This is comment 27', '21', '18', '1'),
('28', '61', 'This is comment 28', '4', '4', '1'),
('29', '39', 'This is comment 29', '25', '17', '5'),
('30', '59', 'This is comment 30', '25', '20', '1'),
('31', '28', 'This is comment 31', '25', '10', '6'),
('32', '55', 'This is comment 32', '9', '13', '2'),
('33', '57', 'This is comment 33', '24', '7', '2'),
('34', '61', 'This is comment 34', '16', '15', '2'),
('35', '24', 'This is comment 35', '18', '1', '5'),
('36', '30', 'This is comment 36', '5', '9', '3'),
('37', '5', 'This is comment 37', '12', '4', '5'),
('38', '80', 'This is comment 38', '24', '18', '2'),
('39', '30', 'This is comment 39', '21', '20', '6'),
('40', '94', 'This is comment 40', '6', '9', '5'),
('41', '72', 'This is comment 41', '10', '20', '2'),
('42', '17', 'This is comment 42', '11', '2', '1'),
('43', '53', 'This is comment 43', '18', '1', '2'),
('44', '71', 'This is comment 44', '3', '6', '2'),
('45', '37', 'This is comment 45', '6', '7', '6'),
('46', '81', 'This is comment 46', '21', '1', '3'),
('47', '14', 'This is comment 47', '13', '1', '6'),
('48', '48', 'This is comment 48', '23', '6', '2'),
('49', '44', 'This is comment 49', '16', '4', '6'),
('50', '62', 'This is comment 50', '11', '8', '2'),
('51', '10', 'This is comment 51', '10', '13', '4'),
('52', '47', 'This is comment 52', '1', '5', '3'),
('53', '46', 'This is comment 53', '12', '8', '1'),
('54', '37', 'This is comment 54', '13', '19', '3'),
('55', '81', 'This is comment 55', '18', '1', '3'),
('56', '62', 'This is comment 56', '13', '9', '3'),
('57', '86', 'This is comment 57', '2', '3', '2'),
('58', '92', 'This is comment 58', '17', '8', '3'),
('59', '69', 'This is comment 59', '18', '17', '3'),
('60', '87', 'This is comment 60', '15', '11', '3'),
('61', '44', 'This is comment 61', '12', '19', '4'),
('62', '19', 'This is comment 62', '18', '5', '5'),
('63', '97', 'This is comment 63', '24', '19', '3'),
('64', '92', 'This is comment 64', '1', '8', '1'),
('65', '95', 'This is comment 65', '2', '2', '6'),
('66', '59', 'This is comment 66', '6', '13', '2'),
('67', '28', 'This is comment 67', '2', '2', '3'),
('68', '73', 'This is comment 68', '9', '12', '2'),
('69', '67', 'This is comment 69', '14', '19', '5'),
('70', '34', 'This is comment 70', '8', '19', '1'),
('71', '80', 'This is comment 71', '2', '11', '6'),
('72', '8', 'This is comment 72', '14', '8', '6'),
('73', '9', 'This is comment 73', '18', '8', '1'),
('74', '49', 'This is comment 74', '2', '13', '2'),
('75', '72', 'This is comment 75', '13', '11', '4'),
('76', '78', 'This is comment 76', '22', '9', '6'),
('77', '40', 'This is comment 77', '12', '20', '6'),
('78', '36', 'This is comment 78', '21', '13', '3'),
('79', '87', 'This is comment 79', '1', '14', '1'),
('80', '83', 'This is comment 80', '8', '9', '4'),
('81', '27', 'This is comment 81', '10', '13', '1'),
('82', '66', 'This is comment 82', '17', '2', '2'),
('83', '3', 'This is comment 83', '11', '8', '2'),
('84', '64', 'This is comment 84', '20', '3', '5'),
('85', '36', 'This is comment 85', '5', '7', '3'),
('86', '41', 'This is comment 86', '1', '15', '4'),
('87', '2', 'This is comment 87', '1', '7', '5'),
('88', '24', 'This is comment 88', '6', '7', '5'),
('89', '22', 'This is comment 89', '15', '10', '1'),
('90', '77', 'This is comment 90', '20', '1', '6'),
('91', '98', 'This is comment 91', '17', '6', '4'),
('92', '33', 'This is comment 92', '13', '1', '6'),
('93', '87', 'This is comment 93', '23', '19', '2'),
('94', '99', 'This is comment 94', '1', '8', '5'),
('95', '3', 'This is comment 95', '2', '3', '2'),
('96', '87', 'This is comment 96', '19', '14', '6'),
('97', '84', 'This is comment 97', '14', '3', '6'),
('98', '61', 'This is comment 98', '24', '10', '3'),
('99', '31', 'This is comment 99', '13', '8', '6'),
('100', '45', 'This is comment 100', '16', '18', '6')

----------------------------------------------------------------------
insert into course
(id, name, image, description, list_lesson)
values
('1', 'Basic database', 'https://gisgeography.com/wp-content/uploads/2021/12/Learn-SQL-Online-Courses.png', 'This course contains lessons that will help you learn simple query statements', '[1 ,2 ,3 ,4 ,5 ,6 ,7 ,8 ,9 ,10 ,11 ,12 ,13 ,14 ,15 ,16 ,17 ,18 ,19 ,20 ,21 ,22 ,23]'),
('2', 'Advanced database', 'https://player.slideplayer.com/66/11885459/slides/slide_1.jpg', 'This course contains lessons that will help you learn advanced queries', '[24 ,25 ,26 ,27 ,28 ,29 ,30 ,31 ,32 ,33 ,34 ,35 ,36 ,37 ,38 ,39 ,40 ,41 ,42 ,43 ,44 ,45]'),
('3', 'C++', 'https://source.vn/wp-content/uploads/2020/08/lap-trinh-c-cong-cong-hieu-qua-3-4.png', 'C++ tutorial', '[46, 47, 48, 49, 50, 51 ,52 ,53 ,54 ,55]'),
('4', 'Python', 'https://mifago.com/wp-content/uploads/2021/05/python-programming-language.png', 'Python tutorial', '[56 ,57 ,58 ,59 ,60 ,61 ,62 ,63 ,64 ,65 ,66]'),
('5', 'Java', 'https://1.bp.blogspot.com/-mBmFaEm8z8M/Xg9WX1Gk0aI/AAAAAAAAAhM/69CpJZ1nHjonwzAeR-AkoX_4C6t9tGXKACLcBGAsYHQ/s1600/dark-days-oracle-kills-java-plug-in-dead-showcase_image-9-p-2047.jpg', 'Java tutorial', '[67 ,68 ,69 ,70 ,71 ,72 ,73 ,74 ,75 ,76 ,77 ,78 ,79]'),
('6', 'ReactJS', 'https://images.g2crowd.com/uploads/product/image/large_detail/large_detail_1e0d62f445e6448af1e125f5702c8227/reactjs-development-services.png', 'ReactJS tutorial', '[80 ,81 ,82 ,83 ,84 ,85 ,86 ,87 ,88 ,89 ,90]'),
('7', '.NET', 'https://fsoft-academy.edu.vn/wp-content/uploads/2021/11/dotnet_round-768x369.png ', '.NET tutorial', '[91 ,92 ,93 ,94 ,95 ,96 ,97 ,98 ,99 ,100]')

----------------------------------------------------------------------
insert into exercise
(id, name, content, answer)
values
('1', 'Exercise 1', 'Query 32 entity', 'Answer 1'),
('2', 'Exercise 2', 'Query 57 entity', 'Answer 2'),
('3', 'Exercise 3', 'Query 25 entity', 'Answer 3'),
('4', 'Exercise 4', 'Query 60 entity', 'Answer 4'),
('5', 'Exercise 5', 'Query 80 entity', 'Answer 5'),
('6', 'Exercise 6', 'Query 28 entity', 'Answer 6'),
('7', 'Exercise 7', 'Query 53 entity', 'Answer 7'),
('8', 'Exercise 8', 'Query 51 entity', 'Answer 8'),
('9', 'Exercise 9', 'Query 58 entity', 'Answer 9'),
('10', 'Exercise 10', 'Query 49 entity', 'Answer 10'),
('11', 'Exercise 11', 'Query 74 entity', 'Answer 11'),
('12', 'Exercise 12', 'Query 56 entity', 'Answer 12'),
('13', 'Exercise 13', 'Query 21 entity', 'Answer 13'),
('14', 'Exercise 14', 'Query 10 entity', 'Answer 14'),
('15', 'Exercise 15', 'Query 85 entity', 'Answer 15'),
('16', 'Exercise 16', 'Query 53 entity', 'Answer 16'),
('17', 'Exercise 17', 'Query 7 entity', 'Answer 17'),
('18', 'Exercise 18', 'Query 73 entity', 'Answer 18'),
('19', 'Exercise 19', 'Query 23 entity', 'Answer 19'),
('20', 'Exercise 20', 'Query 54 entity', 'Answer 20'),
('21', 'Exercise 21', 'Query 79 entity', 'Answer 21'),
('22', 'Exercise 22', 'Query 9 entity', 'Answer 22'),
('23', 'Exercise 23', 'Query 10 entity', 'Answer 23'),
('24', 'Exercise 24', 'Query 26 entity', 'Answer 24'),
('25', 'Exercise 25', 'Query 13 entity', 'Answer 25'),
('26', 'Exercise 26', 'Query 61 entity', 'Answer 26'),
('27', 'Exercise 27', 'Query 82 entity', 'Answer 27'),
('28', 'Exercise 28', 'Query 30 entity', 'Answer 28'),
('29', 'Exercise 29', 'Query 67 entity', 'Answer 29'),
('30', 'Exercise 30', 'Query 35 entity', 'Answer 30'),
('31', 'Exercise 31', 'Query 29 entity', 'Answer 31'),
('32', 'Exercise 32', 'Query 28 entity', 'Answer 32'),
('33', 'Exercise 33', 'Query 63 entity', 'Answer 33'),
('34', 'Exercise 34', 'Query 81 entity', 'Answer 34'),
('35', 'Exercise 35', 'Query 44 entity', 'Answer 35'),
('36', 'Exercise 36', 'Query 63 entity', 'Answer 36'),
('37', 'Exercise 37', 'Query 49 entity', 'Answer 37'),
('38', 'Exercise 38', 'Query 44 entity', 'Answer 38'),
('39', 'Exercise 39', 'Query 82 entity', 'Answer 39'),
('40', 'Exercise 40', 'Query 33 entity', 'Answer 40'),
('41', 'Exercise 41', 'Query 26 entity', 'Answer 41'),
('42', 'Exercise 42', 'Query 45 entity', 'Answer 42'),
('43', 'Exercise 43', 'Query 53 entity', 'Answer 43'),
('44', 'Exercise 44', 'Query 80 entity', 'Answer 44'),
('45', 'Exercise 45', 'Query 58 entity', 'Answer 45'),
('46', 'Exercise 46', 'Query 40 entity', 'Answer 46'),
('47', 'Exercise 47', 'Query 23 entity', 'Answer 47'),
('48', 'Exercise 48', 'Query 65 entity', 'Answer 48'),
('49', 'Exercise 49', 'Query 33 entity', 'Answer 49'),
('50', 'Exercise 50', 'Query 58 entity', 'Answer 50'),
('51', 'Exercise 51', 'Query 15 entity', 'Answer 51'),
('52', 'Exercise 52', 'Query 65 entity', 'Answer 52'),
('53', 'Exercise 53', 'Query 9 entity', 'Answer 53'),
('54', 'Exercise 54', 'Query 26 entity', 'Answer 54'),
('55', 'Exercise 55', 'Query 83 entity', 'Answer 55'),
('56', 'Exercise 56', 'Query 28 entity', 'Answer 56'),
('57', 'Exercise 57', 'Query 23 entity', 'Answer 57'),
('58', 'Exercise 58', 'Query 8 entity', 'Answer 58'),
('59', 'Exercise 59', 'Query 4 entity', 'Answer 59'),
('60', 'Exercise 60', 'Query 21 entity', 'Answer 60'),
('61', 'Exercise 61', 'Query 89 entity', 'Answer 61'),
('62', 'Exercise 62', 'Query 43 entity', 'Answer 62'),
('63', 'Exercise 63', 'Query 38 entity', 'Answer 63'),
('64', 'Exercise 64', 'Query 11 entity', 'Answer 64'),
('65', 'Exercise 65', 'Query 44 entity', 'Answer 65'),
('66', 'Exercise 66', 'Query 64 entity', 'Answer 66'),
('67', 'Exercise 67', 'Query 60 entity', 'Answer 67'),
('68', 'Exercise 68', 'Query 76 entity', 'Answer 68'),
('69', 'Exercise 69', 'Query 29 entity', 'Answer 69'),
('70', 'Exercise 70', 'Query 53 entity', 'Answer 70'),
('71', 'Exercise 71', 'Query 13 entity', 'Answer 71'),
('72', 'Exercise 72', 'Query 43 entity', 'Answer 72'),
('73', 'Exercise 73', 'Query 18 entity', 'Answer 73'),
('74', 'Exercise 74', 'Query 84 entity', 'Answer 74'),
('75', 'Exercise 75', 'Query 10 entity', 'Answer 75'),
('76', 'Exercise 76', 'Query 80 entity', 'Answer 76'),
('77', 'Exercise 77', 'Query 82 entity', 'Answer 77'),
('78', 'Exercise 78', 'Query 75 entity', 'Answer 78'),
('79', 'Exercise 79', 'Query 14 entity', 'Answer 79'),
('80', 'Exercise 80', 'Query 35 entity', 'Answer 80'),
('81', 'Exercise 81', 'Query 39 entity', 'Answer 81'),
('82', 'Exercise 82', 'Query 9 entity', 'Answer 82'),
('83', 'Exercise 83', 'Query 64 entity', 'Answer 83'),
('84', 'Exercise 84', 'Query 86 entity', 'Answer 84'),
('85', 'Exercise 85', 'Query 41 entity', 'Answer 85'),
('86', 'Exercise 86', 'Query 43 entity', 'Answer 86'),
('87', 'Exercise 87', 'Query 19 entity', 'Answer 87'),
('88', 'Exercise 88', 'Query 50 entity', 'Answer 88'),
('89', 'Exercise 89', 'Query 72 entity', 'Answer 89'),
('90', 'Exercise 90', 'Query 72 entity', 'Answer 90'),
('91', 'Exercise 91', 'Query 5 entity', 'Answer 91'),
('92', 'Exercise 92', 'Query 19 entity', 'Answer 92'),
('93', 'Exercise 93', 'Query 63 entity', 'Answer 93'),
('94', 'Exercise 94', 'Query 61 entity', 'Answer 94'),
('95', 'Exercise 95', 'Query 19 entity', 'Answer 95'),
('96', 'Exercise 96', 'Query 32 entity', 'Answer 96'),
('97', 'Exercise 97', 'Query 34 entity', 'Answer 97'),
('98', 'Exercise 98', 'Query 73 entity', 'Answer 98'),
('99', 'Exercise 99', 'Query 78 entity', 'Answer 99'),
('100', 'Exercise 100', 'Query 52 entity', 'Answer 100')

----------------------------------------------------------------------
insert into lesson
(id, name, content, list_exercise, list_comment)
values
('1', 'SQL là gì?', 'SQL là viết tắt của Structured Query Language có nghĩa là ngôn ngữ truy vấn có cấu trúc, là một ngôn ngữ máy tính để lưu trữ, thao tác và truy xuất dữ liệu được lưu trữ trong một cơ sở dữ liệu quan hệ.
                     SQL là ngôn ngữ chuẩn cho hệ cơ sở dữ liệu quan hệ. Tất cả các hệ thống quản lý cơ sở dữ liệu quan hệ (RDMS) như MySQL, MS Access, Oracle, Sybase, Informix, Postgres và SQL Server đều sử dụng SQL làm ngôn ngữ cơ sở dữ liệu chuẩn.', '[46 ,41 ,36 ,35 ,95]', '[87 ,60 ,46 ,68 ,62]'),
('2', 'RDBMS là gì?', 'RDBMS là viết tắt của Relational Database Management System có nghĩa là hệ quản trị cơ sỡ dữ liệu quan hệ. RDBMS là cơ sở cho SQL, và cho tất cả các hệ thống cơ sở dữ liệu hiện đại như MS SQL Server, IBM DB2, Oracle, MySQL và Microsoft Access.

                       Hệ thống quản lý cơ sở dữ liệu quan hệ (RDBMS) là một hệ thống quản lý cơ sở dữ liệu (DBMS) dựa trên mô hình quan hệ được giới thiệu bởi EF Codd.', '[32 ,2 ,43 ,11 ,3]', '[58]'),
('3', 'Các hệ quản trị cơ sở dữ liệu', 'Hiện nay, có rất nhiều RDBMS - hệ quản trị cơ sở dữ liệu phổ biến có sẵn để làm việc. Hướng dẫn này đưa ra một cái nhìn ngắn gọn về một số các RDBMS phổ biến nhất. Điều này sẽ giúp bạn so sánh các tính năng cơ bản của chúng.', '[28 ,31 ,37 ,20 ,46 ,25 ,56 ,6 ,11 ,99]', '[27 ,13 ,51 ,70 ,8]'),
('4', 'Cú pháp SQL', 'Hướng dẫn này cung cấp cho bạn một sự khởi đầu nhanh với SQL bằng cách liệt kê tất cả cú pháp SQL cơ bản.
                      Tất cả các câu lệnh SQL bắt đầu bằng bất kỳ từ khoá nào như SELECT, INSERT, UPDATE, DELETE, ALTER, DROP, CREATE, USE, SHOW và tất cả các câu kết thúc bằng dấu chấm phẩy (;).
                      Điểm quan trọng nhất cần lưu ý ở đây là SQL không phân biệt chữ hoa và chữ thường, có nghĩa là SELECT và select có cùng ý nghĩa trong câu lệnh SQL. Trong khi đó, MySQL có sự khác biệt trong tên bảng. Vì vậy, nếu bạn làm việc với MySQL thì bạn cần phải khai báo tên bảng như tên của nó trong cơ sở dữ liệu.', '[72 ,73 ,70 ,60 ,29 ,14 ,61 ,4]', '[73 ,43 ,96 ,52]'),
('5', 'Kiểu dữ liệu trong SQL', 'Learn query 5', '[31 ,29 ,63 ,55 ,98 ,42]', '[19 ,14 ,5 ,51]'),
('6', 'Toán tử trong SQL', 'Learn query 6', '[84 ,97 ,64 ,53 ,35 ,74 ,81 ,8]', '[15]'),
('7', 'Biểu thức trong SQL', 'SELECT column1, column2, columnN FROM table_name WHERE [CONDITION|EXPRESSION];', '[15 ,79 ,43 ,46 ,14 ,11 ,66]', '[90 ,67 ,15 ,29]'),
('8', 'Create Database trong SQL', 'CREATE DATABASE DatabaseName;', '[64 ,92 ,10]', '[27 ,96 ,5 ,71]'),
('9', 'Drop Database trong SQL', 'DROP DATABASE DatabaseName;', '[2 ,45 ,54 ,93 ,74 ,60]', '[35 ,80 ,19 ,81]'),
('10', 'Select Database trong SQL', 'USE DatabaseName; SHOW DATABASES;', '[22 ,72 ,26 ,42 ,13 ,54]', '[56 ,77 ,86 ,75 ,79]'),
('11', 'Create Table trong SQL', 'CREATE TABLE table_name (columnN datatype PRIMARY KEY( one or more columns ));', '[91]', '[40 ,20]'),
('12', 'Drop Table trong SQL', 'DROP TABLE table_name;', '[3 ,25 ,63]', '[96 ,39 ,74 ,90 ,76]'),
('13', 'Câu lệnh INSERT trong SQL', 'INSERT INTO TABLE_NAME VALUES (value1,value2,value3,...valueN);', '[93 ,51 ,5]', '[15 ,24]'),
('14', 'Câu lệnh Select trong SQL', 'SELECT * FROM table_name;', '[40 ,96 ,49 ,75 ,47 ,71 ,36 ,55 ,56 ,53]', '[48]'),
('15', 'Mệnh đề WHERE trong SQL', 'SELECT column1, column2, columnN FROM table_name WHERE [condition', '[51 ,28 ,75 ,99 ,69 ,58 ,7 ,73]', '[16]'),
('16', 'Câu lệnh UPDATE trong SQL', 'UPDATE table_name SET column1 = value1, column2 = value2...., columnN = valueN WHERE [condition];', '[13 ,2 ,9 ,94 ,12]', '[79 ,76 ,73]'),
('17', 'Câu lệnh DELETE trong SQL', 'DELETE FROM table_name WHERE [condition];', '[60 ,14 ,11 ,92 ,24 ,46 ,82 ,65]', '[42 ,19 ,57 ,77]'),
('18', 'Mệnh đề LIKE trong SQL', 'SELECT FROM table_name  WHERE column LIKE `XXXX%`or SELECT FROM table_name', '[51 ,55]', '[46 ,72 ,33 ,40 ,7]'),
('19', 'Mệnh đề TOP trong SQL', 'SELECT TOP number|percent column_name(s)
                                 FROM table_name
                                 WHERE [condition]', '[76 ,64 ,48 ,45 ,65 ,43 ,42 ,11]', '[15 ,22 ,58]'),
('20', 'Mệnh đề ORDER BY trong SQL', 'SELECT column-list
                                      FROM table_name
                                      [WHERE condition]
                                      [ORDER BY column1, column2, .. columnN] [ASC | DESC];', '[78 ,70 ,28 ,12 ,82 ,1 ,50 ,19 ,87 ,26]', '[43 ,80 ,97 ,46 ,36]'),
('21', 'Mệnh đề GROUP BY trong SQL', 'SELECT column1, column2
                                      FROM table_name
                                      WHERE [ conditions ]
                                      GROUP BY column1, column2
                                      ORDER BY column1, column2', '[39]', '[48 ,1 ,39]'),
('22', 'Từ khóa DISTINCT trong SQL', 'SELECT DISTINCT column1, column2,.....columnN
                     FROM table_name
                     WHERE [condition]', '[22 ,48 ,12 ,15 ,13 ,58 ,11 ,93 ,65]', '[87]'),
('23', 'Ràng buộc trong SQL', 'Ràng buộc (Constraint) là các quy tắc được áp dụng trên các cột dữ liệu của một bảng.', '[2 ,33 ,79 ,89 ,12 ,4 ,93 ,66 ,55]', '[6 ,37]'),
('24', 'Mệnh đề JOIN trong SQL', 'Mệnh đề JOIN trong SQL được sử dụng để kết hợp các bản ghi từ hai hay nhiều bảng trong cơ sở dữ liệu', '[21 ,37 ,23]', '[17]'),
('25', 'Inner Join trong SQL', 'SELECT table1.column1, table2.column2...
                                FROM table1
                                INNER JOIN table2
                                ON table1.common_field = table2.common_field;', '[86 ,53 ,31 ,8 ,19 ,56 ,22 ,92 ,48]', '[34 ,13 ,35 ,64]'),
('26', 'Right Join trong SQL', 'SELECT table1.column1, table2.column2...
                                FROM table1
                                RIGHT JOIN table2
                                ON table1.common_field = table2.common_field;', '[75]', '[35 ,83 ,80 ,93 ,31]'),
('27', 'Left Join trong SQL', 'SELECT table1.column1, table2.column2...
                               FROM table1
                               LEFT JOIN table2
                               ON table1.common_field = table2.common_field;', '[81 ,10 ,25]', '[68 ,97]'),
('28', 'Full Join trong SQL', 'SELECT table1.column1, table2.column2...
                               FROM table1
                               FULL JOIN table2
                               ON table1.common_field = table2.common_field;', '[57 ,95 ,71 ,84 ,48 ,61 ,76 ,11]', '[47 ,62 ,98 ,5]'),
('29', 'Self Join trong SQL', 'SELECT a.column_name, b.column_name...
                               FROM table1 a, table1 b
                               WHERE a.common_field = b.common_field;', '[34 ,74 ,43]', '[58 ,66 ,89 ,54 ,86]'),
('30', 'Mệnh đề UNION trong SQL', 'SELECT column1 [, column2 ]
                                   FROM table1 [, table2 ]
                                   [WHERE condition]UNIONSELECT column1 [, column2 ]
                                   FROM table1 [, table2 ]
                                   [WHERE condition]', '[63]', '[49 ,63]'),
('31', 'Giá trị NULL trong SQL', 'Cú pháp cơ bản của NULL trong khi tạo một bảng:
                                     CREATE TABLE CUSTOMERS(
                                     ID   INT              NOT NULL,
                                     NAME VARCHAR (20)     NOT NULL,
                                     AGE  INT              NOT NULL,
                                     ADDRESS  CHAR (25) ,
                                     SALARY   DECIMAL (18, 2),
                                     PRIMARY KEY (ID)
                                  );', '[14 ,27 ,25 ,58 ,5 ,10 ,42]', '[6 ,96 ,85 ,90]'),
('32', 'Alias trong SQL', 'Cú pháp cơ bản của một bí danh bảng:
SELECT column1, column2....
FROM table_name AS alias_name
WHERE [condition];
Cú pháp cơ bản của một bí danh cột:
SELECT column_name AS alias_name
FROM table_name
WHERE [condition];', '[3 ,84]', '[65 ,15 ,90]'),
('33', 'Index trong SQL', 'CREATE INDEX index_name ON table_name;', '[91 ,6 ,69 ,89 ,92 ,88]', '[96 ,1 ,19 ,67 ,85]'),
('34', 'Lệnh ALTER TABLE trong SQL', 'ALTER TABLE table_name ADD column_name datatype;', '[59 ,36 ,33]', '[55 ,20 ,8 ,45 ,28]'),
('35', 'Lệnh TRUNCATE TABLE trong SQL', 'Lệnh TRUNCATE TABLE trong SQL được sử dụng để xóa hoàn toàn dữ liệu từ một bảng hiện có:
TRUNCATE TABLE  table_name;', '[10]', '[31]'),
('36', 'Sử dụng VIEW trong SQL', 'Trong SQL, một View là một bảng thực dựa trên tập kết quả của một câu lệnh SQL, một View chứa các hàng và các cột như một bảng thực. Các trường trong View là các trường của một hoặc nhiều bảng trong database.', '[56 ,33 ,65]', '[22 ,13 ,18]'),
('37', 'Mệnh đề HAVING trong SQL', 'Mệnh đề HAVING trong SQL cho phép bạn chỉ định điều kiện lọc mà kết quả nhóm xuất hiện trong kết quả. ', '[57 ,43 ,6 ,91 ,27 ,74 ,11 ,73 ,84]', '[26 ,74 ,44 ,93 ,53]'),
('38', 'Transaction trong SQL', 'Nếu một transaction được thực hiện thành công, tất cả các thay đổi dữ liệu được thực hiện trong transaction được lưu vào cơ sở dữ liệu. Nếu một transaction bị lỗi và được rollback, thì tất cả các sửa đổi dữ liệu sẽ bị xóa', '[78 ,23 ,14 ,33 ,20 ,11]', '[86 ,94 ,44]'),
('39', 'Ký tự đại diện trong SQL', 'Wildcard hay ký tự đại diện trong SQL. Chúng ta đã thảo luận về toán tử LIKE trong SQL, được sử dụng để so sánh một giá trị với các giá trị tương tự sử dụng các toán tử đại diện (wildcard).', '[15 ,73 ,35]', '[25 ,21]'),
('40', 'Xử lý Date trong SQL', 'Tham khảo thêm: https://viettuts.vn/sql/xu-ly-date-trong-sql', '[63 ,21 ,68 ,85 ,8 ,49]', '[39 ,61 ,58]'),
('41', 'Bảng tạm trong SQL', 'Các bảng tạm là một tính năng tuyệt vời cho phép bạn lưu trữ và xử lý kết quả trung gian bằng cách sử dụng cùng một lựa chọn, cập nhật và tham gia các tính năng mà bạn có thể sử dụng với các bảng SQL Server điển hình.', '[9]', '[37 ,41]'),
('42', 'Clone table trong SQL', 'Có thể có một tình huống khi bạn cần bản sao chính xác của bảng và tạo bảng bằng lệnh CREATE TABLE ... hoặc các lệnh SELECT ... không phù hợp với mục đích của bạn vì bản sao phải bao gồm các chỉ mục, giá trị mặc định', '[76 ,41 ,84 ,25 ,96 ,75 ,50]', '[54]'),
('43', 'Sub query trong SQL', 'Sub query trong SQL hoặc truy vấn nội bộ hoặc truy vấn Nested là truy vấn trong một truy vấn SQL khác và được nhúng trong mệnh đề WHERE.', '[26 ,58 ,13 ,61 ,43]', '[44 ,88 ,98]'),
('44', 'Sequence trong SQL', 'Một sequence trong SQL là một tập các số nguyên 1, 2, 3, ... được tạo theo thứ tự theo yêu cầu. Các sequence thường được sử dụng trong cơ sở dữ liệu vì nhiều ứng dụng đòi hỏi mỗi hàng trong một bảng chứa một giá trị duy nhất và sequence cung cấp một cách dễ dàng đáp ứng yêu cầu này.', '[85 ,27 ,43 ,81]', '[95]'),
('45', 'Xử lý duplicate trong SQL', 'SELECT DISTINCT column1, column2,.....columnN
                                     FROM table_name
                                     WHERE [condition]', '[19 ,22]', '[5 ,76 ,12 ,63]')

----------------------------------------------------------------------
insert into notification
(id, content)
values
('1', 'Thông báo mở khóa học ReactJS'),
('2', 'Mở chức năng đăng ký khóa học'),
('3', 'Thêm 2 khóa học mới'),
('4', 'Cập nhật điều khoản và chính sách'),
('5', 'Notification 5'),
('6', 'Notification 6'),
('7', 'Notification 7'),
('8', 'Notification 8'),
('9', 'Notification 9'),
('10', 'Notification 10'),
('11', 'Notification 11'),
('12', 'Notification 12'),
('13', 'Notification 13'),
('14', 'Notification 14'),
('15', 'Notification 15'),
('16', 'Notification 16'),
('17', 'Notification 17'),
('18', 'Notification 18'),
('19', 'Notification 19')

----------------------------------------------------------------------
insert into student
(id, list_course_registered, list_lesson_learned, list_exercise_done)
values
('1', '[1, 2]', '[36 ,42 ,10 ,16 ,28 ,92 ,83 ,81 ,25 ,14 ,2 ,53 ,96 ,50]', '[37 ,85 ,25 ,76 ,97 ,69 ,26 ,43 ,36]'),
('2', '[1]', '[74 ,17 ,88 ,65 ,76 ,94 ,73 ,63 ,29 ,23 ,40 ,32]', '[78 ,67 ,35 ,48 ,47 ,15 ,60 ,24 ,34 ,80 ,22 ,95]'),
('3', '[2]', '[26 ,79 ,62 ,80 ,81 ,69 ,54 ,95 ,32 ,98 ,47 ,33 ,65]', '[68 ,58 ,12 ,69 ,6 ,97 ,60]'),
('4', '[1]', '[69 ,80 ,6 ,76 ,9 ,8 ,15 ,65 ,73 ,20 ,38 ,30 ,74 ,50 ,17]', '[15 ,97 ,18 ,39 ,28 ,35 ,1 ,25 ,4 ,92 ,57]'),
('5', '[1, 2]', '[88 ,3 ,65 ,13 ,7 ,39 ,74 ,69 ,38]', '[54 ,58 ,71 ,2 ,3 ,27 ,78]'),
('6', '[2]', '[43 ,92 ,97 ,42 ,19 ,84 ,90]', '[74 ,45 ,98]'),
('7', '[2]', '[70 ,92]', '[8 ,26 ,90 ,42 ,93 ,97]'),
('8', '[2]', '[59 ,10 ,41 ,76 ,11 ,73 ,98 ,87 ,13 ,85 ,2 ,93 ,33 ,69 ,6 ,88]', '[89 ,29 ,32 ,33 ,55 ,73 ,96]'),
('9', '[2]', '[48 ,59 ,18 ,7 ,11]', '[50 ,78 ,69 ,43 ,59]'),
('10', '[1, 2]', '[24 ,86 ,95 ,90 ,34 ,8 ,46 ,43 ,37 ,50 ,59 ,99]', '[26 ,68 ,53 ,55 ,40 ,1 ,27 ,99 ,94]'),
('11', '[2]', '[81 ,36]', '[57 ,74 ,51 ,50 ,28 ,32 ,53 ,88 ,18 ,63 ,36]'),
('12', '[2]', '[42 ,57]', '[51 ,62 ,67 ,31]'),
('13', '[1]', '[69 ,82 ,52 ,22 ,66 ,85 ,24]', '[58 ,95 ,84 ,83 ,96 ,32 ,20 ,44 ,71 ,1 ,8 ,53 ,30 ,37]'),
('14', '[2]', '[91 ,53]', '[5 ,68 ,40 ,21 ,99 ,41 ,39 ,85 ,86]'),
('15', '[1]', '[26 ,56 ,38 ,39 ,77 ,85 ,88 ,10 ,24 ,54 ,87 ,83 ,18]', '[17 ,65]'),
('16', '[2]', '[48]', '[95 ,52 ,90 ,26 ,36 ,88 ,17 ,54 ,56 ,38 ,20 ,59 ,18 ,24]'),
('17', '[2]', '[6 ,97 ,71 ,55 ,36 ,84 ,65 ,54 ,28 ,63 ,1 ,31 ,93 ,21 ,22 ,94 ,64 ,12 ,70]', '[86 ,73 ,66 ,4]'),
('18', '[2]', '[11 ,67 ,76 ,24 ,77]', '[91 ,8]'),
('19', '[1, 2]', '[99 ,43 ,24 ,41 ,93 ,35 ,3]', '[4 ,34 ,77 ,48 ,63 ,94 ,20 ,73 ,99 ,46 ,15 ,7]'),
('20', '[1, 2]', '[20 ,48]', '[47 ,59]'),
('21', '[1, 2]', '[32 ,11 ,47 ,95 ,9 ,23 ,72]', '[2 ,20 ,91 ,19 ,95 ,34 ,72 ,73]'),
('22', '[1, 2]', '[25 ,24 ,48 ,73 ,43 ,50 ,49 ,52 ,54]', '[5 ,79 ,19 ,27 ,34 ,67 ,64 ,33 ,29 ,73 ,92 ,68]'),
('23', '[1, 2]', '[4 ,31 ,14 ,84 ,52 ,22 ,78]', '[28 ,33 ,55 ,81 ,46 ,3 ,43 ,70 ,37 ,99]'),
('24', '[1, 2]', '[56 ,1 ,9 ,87 ,52 ,98 ,71 ,86 ,70 ,59 ,61 ,22 ,83 ,54 ,3 ,11]', '[82 ,76]'),
('25', '[2]', '[3 ,13 ,43 ,88 ,8 ,55 ,98 ,6 ,54]', '[99 ,75 ,71 ,25 ,33 ,54 ,17 ,56 ,9]'),
('26', '[1, 2]', '[26 ,50 ,67 ,35 ,61 ,19 ,36 ,32]', '[85 ,57 ,33 ,55 ,31 ,68 ,56]'),
('27', '[2]', '[26 ,90]', '[34 ,52 ,31 ,42 ,23 ,56 ,66]'),
('28', '[1, 2]', '[30 ,57 ,72 ,22 ,45]', '[85]'),
('29', '[1, 2]', '[56 ,22 ,54 ,78 ,39 ,76 ,16 ,18 ,82 ,68 ,84 ,13]', '[54 ,57 ,74 ,18 ,53 ,82 ,99]'),
('30', '[1, 2]', '[88 ,3 ,81 ,12 ,44 ,55 ,17 ,52 ,2 ,93]', '[74 ,86 ,34 ,28 ,54 ,30 ,14 ,67 ,60]'),
('31', '[1, 2]', '[56 ,70 ,66 ,8 ,77 ,53 ,90 ,47 ,22 ,83 ,34 ,88 ,25 ,20]', '[83]'),
('32', '[1, 2]', '[36 ,41 ,47 ,78 ,12 ,10 ,27 ,15]', '[11 ,75 ,30 ,12 ,67 ,96 ,8 ,40]'),
('33', '[1]', '[42 ,43 ,39 ,44 ,61 ,46]', '[52]'),
('34', '[1, 2]', '[88 ,46 ,64 ,59 ,86 ,49 ,91 ,36 ,87 ,82 ,73 ,98]', '[57 ,6 ,50]'),
('35', '[1, 2]', '[36 ,24 ,91 ,57 ,75 ,86 ,83 ,20 ,61 ,68]', '[10 ,86 ,20 ,51 ,1 ,3 ,63 ,53 ,37 ,19 ,45 ,49 ,17]'),
('36', '[1, 2]', '[29 ,67 ,66 ,15 ,3 ,56 ,58 ,97 ,41 ,21 ,47 ,95]', '[42 ,14 ,4 ,55 ,35 ,76]'),
('37', '[1]', '[33]', '[49 ,6 ,61 ,82 ,24 ,75]'),
('38', '[1]', '[38 ,21 ,79 ,29 ,81 ,46 ,86 ,68 ,73 ,69 ,53 ,8 ,47 ,82]', '[52 ,8 ,92 ,68 ,39 ,17 ,98 ,64 ,51 ,10 ,30 ,28]'),
('39', '[1, 2]', '[7 ,46 ,21 ,96 ,80 ,26 ,18 ,59 ,69 ,88 ,83 ,9]', '[99 ,18 ,81]'),
('40', '[2]', '[25 ,49 ,4 ,82 ,74 ,12 ,88 ,15 ,46 ,53 ,90 ,95]', '[95 ,59 ,74 ,36 ,72 ,61 ,98 ,34]'),
('41', '[1, 2]', '[73 ,98 ,91 ,29 ,78 ,9 ,74 ,25 ,55 ,18 ,96 ,67 ,71 ,72 ,7 ,61 ,22]', '[83 ,98 ,74 ,52 ,21 ,75 ,20 ,39 ,41 ,25]'),
('42', '[1]', '[38 ,97 ,50]', '[32 ,28 ,44 ,69 ,60 ,51 ,90 ,80 ,19 ,75]'),
('43', '[1, 2]', '[20 ,31 ,72 ,64 ,52 ,13 ,70 ,21 ,27 ,5 ,60 ,26 ,25 ,12]', '[31 ,89 ,10 ,80 ,82 ,34 ,63 ,20 ,71 ,67 ,52 ,51 ,55 ,41]'),
('44', '[1, 2]', '[87 ,46 ,19 ,22 ,44 ,92 ,91 ,34 ,74 ,71 ,1 ,55]', '[39 ,67 ,58 ,49 ,91 ,63 ,33 ,74 ,38 ,86 ,78 ,14 ,50 ,26 ,42]'),
('45', '[1, 2]', '[64 ,7 ,82 ,42 ,31 ,52]', '[96 ,65 ,53 ,6 ,85 ,36 ,77 ,49 ,62 ,59 ,40 ,33 ,86 ,8 ,12]'),
('46', '[1]', '[61 ,68 ,70 ,43 ,74 ,71 ,11 ,63 ,91 ,7 ,9 ,72 ,39 ,94 ,37 ,51 ,33]', '[95 ,31 ,8 ,2]'),
('47', '[2]', '[80 ,46 ,31 ,15 ,97 ,2 ,34 ,21 ,66 ,29]', '[18 ,45 ,36 ,42 ,61 ,25 ,28 ,77 ,29 ,12 ,17]'),
('48', '[1]', '[84 ,75]', '[55 ,96 ,58 ,27 ,23 ,20 ,38]'),
('49', '[1, 2]', '[61 ,2 ,7 ,20 ,87]', '[84 ,56 ,85 ,36 ,59 ,32 ,13 ,77 ,68 ,17 ,28 ,54]'),
('50', '[1, 2]', '[46 ,69 ,54 ,41 ,34 ,30 ,36 ,38]', '[6]'),
('51', '[1]', '[85 ,68 ,96 ,12 ,1 ,45 ,79 ,71 ,94 ,6 ,18 ,48 ,3 ,33 ,19 ,5 ,99 ,4]', '[49]'),
('52', '[2]', '[12 ,69 ,97 ,4 ,95 ,96 ,20 ,83 ,92 ,74 ,53 ,72 ,70 ,56 ,46 ,49 ,3 ,93 ,40]', '[86]'),
('53', '[1]', '[88 ,24 ,51 ,55 ,66 ,18 ,76 ,46 ,80 ,33 ,65 ,25]', '[89 ,77 ,33 ,70 ,40 ,29]'),
('54', '[2]', '[6 ,74 ,46 ,54 ,68 ,50 ,76 ,84 ,4 ,32 ,53 ,64 ,88 ,22]', '[30 ,97 ,49 ,59 ,75 ,95 ,65 ,7 ,53]'),
('55', '[1, 2]', '[27 ,66 ,78 ,62]', '[47 ,94 ,1 ,49 ,21 ,71]'),
('56', '[2]', '[18 ,29 ,84 ,85 ,35 ,58 ,76 ,67 ,9 ,38 ,77 ,51 ,24 ,4 ,40 ,42]', '[6 ,66 ,96 ,80 ,46 ,91 ,45]'),
('57', '[2]', '[43 ,83 ,90 ,24 ,5 ,87 ,65 ,89 ,34 ,41 ,82 ,62 ,71 ,28 ,84 ,10 ,51]', '[85 ,31 ,2 ,87 ,33 ,8]'),
('58', '[1, 2]', '[55 ,20 ,28 ,60 ,56 ,98 ,66 ,41 ,96 ,17 ,35 ,68]', '[34 ,48 ,65 ,23 ,98 ,54 ,11 ,97 ,82 ,45 ,51 ,93 ,59 ,17 ,46]'),
('59', '[2]', '[12 ,2 ,24]', '[13 ,45 ,92 ,27 ,78 ,4 ,63]'),
('60', '[1]', '[13 ,70 ,99 ,41 ,62 ,60 ,57]', '[39 ,66 ,17 ,83 ,42 ,85 ,95 ,10 ,93 ,46 ,94 ,37 ,12]'),
('61', '[2]', '[86 ,41 ,97 ,80 ,29 ,54 ,48]', '[33 ,88 ,67 ,93 ,83 ,66 ,29 ,59 ,85]'),
('62', '[1, 2]', '[26 ,43 ,97 ,59 ,88 ,21 ,94 ,83 ,22 ,7 ,82 ,4 ,32]', '[35 ,65 ,17 ,19 ,6 ,18 ,30]'),
('63', '[1]', '[8 ,18 ,12 ,1 ,19 ,86 ,6 ,83 ,59 ,65 ,25 ,54 ,95 ,29 ,3]', '[86 ,13 ,41]'),
('64', '[2]', '[63]', '[37 ,10 ,87]'),
('65', '[1, 2]', '[78 ,94 ,22 ,52 ,35 ,7 ,20 ,70 ,21 ,40 ,24 ,65 ,68 ,30 ,66]', '[86 ,36 ,84 ,17]'),
('66', '[1, 2]', '[57 ,31 ,47 ,74 ,49 ,22 ,81 ,92 ,59 ,4 ,30 ,18 ,88 ,56 ,38 ,43 ,89 ,79]', '[34 ,40 ,11 ,23 ,24 ,56 ,36 ,92 ,78 ,17]'),
('67', '[2]', '[49 ,95 ,54 ,59 ,18 ,73 ,37 ,38 ,76 ,7 ,96 ,6 ,84 ,12 ,35]', '[10 ,43 ,81 ,4 ,86 ,27 ,98 ,44 ,8 ,42 ,7]'),
('68', '[1]', '[89 ,46 ,28 ,64 ,43 ,86 ,15 ,11 ,74 ,8]', '[71 ,96 ,76]'),
('69', '[1, 2]', '[62 ,94 ,41 ,86 ,5 ,39 ,61 ,90 ,56 ,99 ,81 ,59 ,52 ,97 ,11]', '[33 ,95 ,70 ,3 ,68 ,63 ,6 ,87 ,66]'),
('70', '[1]', '[72 ,55 ,93 ,49 ,52 ,42 ,5 ,80 ,32 ,24 ,59 ,18 ,33 ,89 ,71 ,76]', '[52 ,53 ,1 ,97 ,77 ,40 ,79 ,85 ,17 ,23 ,41 ,12 ,16]'),
('71', '[2]', '[26]', '[57 ,75]'),
('72', '[2]', '[48 ,67 ,27 ,34 ,1 ,2 ,59 ,60 ,75 ,96 ,79]', '[4 ,15 ,66 ,55 ,98 ,26 ,20 ,83 ,5]'),
('73', '[1, 2]', '[17 ,82 ,34 ,91 ,16]', '[62 ,85 ,66 ,15]'),
('74', '[1, 2]', '[22 ,6 ,50 ,61 ,30 ,42 ,65 ,52 ,38 ,15 ,41 ,2 ,13 ,68 ,18 ,19 ,81]', '[6 ,30 ,63 ,78 ,3 ,27 ,37 ,35 ,33 ,28]'),
('75', '[1, 2]', '[34 ,30 ,75 ,65 ,5 ,38 ,47 ,93 ,36 ,9 ,45]', '[66 ,26 ,77 ,45 ,81 ,16 ,38 ,22 ,63 ,21]'),
('76', '[2]', '[26 ,67 ,96 ,57 ,68 ,46 ,77]', '[29]'),
('77', '[1]', '[63 ,94 ,41 ,92 ,80 ,88 ,95 ,72 ,62 ,31 ,43 ,33 ,38 ,5 ,59 ,78]', '[93 ,2 ,14 ,54 ,50 ,64 ,68 ,31 ,88 ,43 ,89 ,10]'),
('78', '[1, 2]', '[62 ,83 ,55 ,39]', '[70 ,5 ,52 ,12 ,88 ,54 ,85 ,15 ,72 ,55]'),
('79', '[2]', '[20 ,78 ,68 ,1 ,11 ,38 ,32 ,37]', '[44 ,86 ,85 ,61 ,59 ,29]'),
('80', '[1, 2]', '[12 ,22 ,9 ,48 ,75 ,74 ,62 ,93 ,58 ,65 ,43 ,83 ,45 ,10 ,34 ,67 ,77 ,88 ,23 ,24]', '[16 ,88 ,80 ,89 ,12 ,42 ,48 ,39 ,86 ,2 ,95 ,32 ,70]'),
('81', '[1]', '[26 ,91 ,17 ,10 ,82 ,92 ,97 ,12 ,14 ,98]', '[66 ,4 ,70 ,36 ,43 ,92 ,24]'),
('82', '[2]', '[13 ,9 ,34 ,66 ,32 ,12 ,92 ,85 ,42 ,30 ,50 ,74 ,67 ,35 ,18 ,90 ,99 ,24]', '[11 ,13 ,53 ,39 ,58 ,76 ,40 ,6]'),
('83', '[1]', '[41 ,99 ,63 ,23 ,87 ,67 ,28 ,80 ,72 ,71 ,58 ,31 ,75 ,35 ,19]', '[38 ,94 ,99 ,53 ,31 ,42 ,9 ,17 ,37 ,3 ,16 ,54 ,71 ,27]'),
('84', '[1]', '[15 ,11 ,34 ,49 ,53 ,47 ,90 ,20 ,44 ,38 ,14 ,66 ,97 ,22 ,40 ,81 ,96]', '[64 ,37 ,14]'),
('85', '[1, 2]', '[23 ,63 ,90 ,82 ,4 ,85 ,40 ,18 ,66 ,12]', '[46 ,25 ,17 ,96]'),
('86', '[1, 2]', '[92 ,47 ,93 ,84 ,24 ,86 ,76 ,39 ,51 ,22 ,99 ,40 ,52 ,57]', '[71 ,52 ,82 ,62 ,72 ,76 ,69 ,1 ,7 ,8 ,53 ,65 ,85 ,22]'),
('87', '[1, 2]', '[60 ,94 ,86 ,37 ,69 ,35 ,99 ,54 ,82 ,33]', '[52 ,34 ,75]'),
('88', '[2]', '[16 ,36 ,49 ,77 ,97 ,30 ,60 ,5 ,88]', '[79 ,9 ,92 ,81 ,95]'),
('89', '[1, 2]', '[24 ,67 ,77 ,59 ,9 ,82 ,21 ,85 ,17 ,2 ,98 ,49 ,63 ,75 ,22 ,51 ,78]', '[94 ,37]'),
('90', '[1, 2]', '[98 ,62 ,85 ,78 ,30 ,25 ,86 ,15 ,63 ,38 ,95 ,81 ,82 ,77 ,40 ,92]', '[2 ,55 ,86 ,16 ,84 ,49 ,6 ,9 ,95 ,23 ,93 ,99]'),
('91', '[2]', '[68 ,92 ,50]', '[10 ,46 ,75 ,58 ,63 ,53 ,74 ,81 ,4 ,31 ,96 ,43 ,60]'),
('92', '[1, 2]', '[36 ,29 ,1 ,72 ,70]', '[24 ,41 ,64 ,2]'),
('93', '[1, 2]', '[41 ,21 ,16 ,39 ,69 ,8 ,74 ,28 ,92]', '[45 ,32 ,13 ,99 ,3 ,84 ,75 ,82]'),
('94', '[1, 2]', '[97 ,35 ,60 ,57 ,40 ,54 ,37 ,5 ,12 ,96 ,94]', '[44 ,29 ,10 ,70 ,50 ,93]'),
('95', '[1]', '[14 ,61 ,54 ,6 ,82 ,3 ,17 ,25 ,80 ,73 ,74 ,38 ,12 ,22 ,27 ,60]', '[2 ,88 ,9 ,72]'),
('96', '[1, 2]', '[90 ,88 ,31 ,92 ,75 ,5 ,60 ,10 ,33 ,28 ,48 ,68 ,38 ,63 ,12 ,35 ,62]', '[10 ,34 ,75 ,3 ,72 ,50 ,32 ,8]'),
('97', '[1, 2]', '[64 ,98 ,55]', '[64 ,84 ,85 ,9 ,61 ,25 ,2 ,68 ,21 ,74 ,79]'),
('98', '[2]', '[98 ,38 ,17 ,30 ,82 ,64 ,94 ,56 ,26 ,45]', '[55 ,7 ,74 ,75 ,6 ,50 ,93 ,3 ,38]'),
('99', '[1]', '[98 ,48 ,10 ,38 ,86 ,49 ,70 ,17 ,40 ,12 ,66 ,72]', '[83 ,63 ,46 ,14 ,29 ,42 ,4 ,94 ,72 ,17 ,2 ,86 ,31 ,34]'),
('100', '[1]', '[97 ,55 ,51 ,54 ,6 ,7 ,65 ,88]', '[62 ,83 ,13 ,45 ,86 ,67 ,81]')

----------------------------------------------------------------------
insert into _user
(id, number_studentid, number_adminid, name, image, number_age, address, is_admin)
values
('1', '1', '0', 'name 1', 'avatar.png', '29', 'Ha Noi 1', 'false'),
('2', '2', '0', 'name 2', 'avatar.png', '23', 'Ha Noi 2', 'false'),
('3', '3', '0', 'name 3', 'avatar.png', '21', 'Ha Noi 3', 'false'),
('4', '4', '0', 'name 4', 'avatar.png', '21', 'Ha Noi 4', 'false'),
('5', '5', '0', 'name 5', 'avatar.png', '22', 'Ha Noi 5', 'false'),
('6', '6', '0', 'name 6', 'avatar.png', '22', 'Ha Noi 6', 'false'),
('7', '7', '0', 'name 7', 'avatar.png', '24', 'Ha Noi 7', 'false'),
('8', '8', '0', 'name 8', 'avatar.png', '27', 'Ha Noi 8', 'false'),
('9', '9', '0', 'name 9', 'avatar.png', '24', 'Ha Noi 9', 'false'),
('10', '10', '0', 'name 10', 'avatar.png', '29', 'Ha Noi 10', 'false'),
('11', '11', '0', 'name 11', 'avatar.png', '22', 'Ha Noi 11', 'false'),
('12', '12', '0', 'name 12', 'avatar.png', '29', 'Ha Noi 12', 'false'),
('13', '13', '0', 'name 13', 'avatar.png', '23', 'Ha Noi 13', 'false'),
('14', '14', '0', 'name 14', 'avatar.png', '20', 'Ha Noi 14', 'false'),
('15', '15', '0', 'name 15', 'avatar.png', '23', 'Ha Noi 15', 'false'),
('16', '16', '0', 'name 16', 'avatar.png', '27', 'Ha Noi 16', 'false'),
('17', '17', '0', 'name 17', 'avatar.png', '20', 'Ha Noi 17', 'false'),
('18', '18', '0', 'name 18', 'avatar.png', '28', 'Ha Noi 18', 'false'),
('19', '19', '0', 'name 19', 'avatar.png', '28', 'Ha Noi 19', 'false'),
('20', '20', '0', 'name 20', 'avatar.png', '25', 'Ha Noi 20', 'false'),
('21', '21', '0', 'name 21', 'avatar.png', '25', 'Ha Noi 21', 'false'),
('22', '22', '0', 'name 22', 'avatar.png', '20', 'Ha Noi 22', 'false'),
('23', '23', '0', 'name 23', 'avatar.png', '21', 'Ha Noi 23', 'false'),
('24', '24', '0', 'name 24', 'avatar.png', '28', 'Ha Noi 24', 'false'),
('25', '25', '0', 'name 25', 'avatar.png', '26', 'Ha Noi 25', 'false'),
('26', '26', '0', 'name 26', 'avatar.png', '27', 'Ha Noi 26', 'false'),
('27', '27', '0', 'name 27', 'avatar.png', '24', 'Ha Noi 27', 'false'),
('28', '28', '0', 'name 28', 'avatar.png', '23', 'Ha Noi 28', 'false'),
('29', '29', '0', 'name 29', 'avatar.png', '23', 'Ha Noi 29', 'false'),
('30', '30', '0', 'name 30', 'avatar.png', '22', 'Ha Noi 30', 'false'),
('31', '31', '0', 'name 31', 'avatar.png', '21', 'Ha Noi 31', 'false'),
('32', '32', '0', 'name 32', 'avatar.png', '23', 'Ha Noi 32', 'false'),
('33', '33', '0', 'name 33', 'avatar.png', '23', 'Ha Noi 33', 'false'),
('34', '34', '0', 'name 34', 'avatar.png', '26', 'Ha Noi 34', 'false'),
('35', '35', '0', 'name 35', 'avatar.png', '21', 'Ha Noi 35', 'false'),
('36', '36', '0', 'name 36', 'avatar.png', '26', 'Ha Noi 36', 'false'),
('37', '37', '0', 'name 37', 'avatar.png', '29', 'Ha Noi 37', 'false'),
('38', '38', '0', 'name 38', 'avatar.png', '24', 'Ha Noi 38', 'false'),
('39', '39', '0', 'name 39', 'avatar.png', '25', 'Ha Noi 39', 'false'),
('40', '40', '0', 'name 40', 'avatar.png', '29', 'Ha Noi 40', 'false'),
('41', '41', '0', 'name 41', 'avatar.png', '24', 'Ha Noi 41', 'false'),
('42', '42', '0', 'name 42', 'avatar.png', '24', 'Ha Noi 42', 'false'),
('43', '43', '0', 'name 43', 'avatar.png', '24', 'Ha Noi 43', 'false'),
('44', '44', '0', 'name 44', 'avatar.png', '26', 'Ha Noi 44', 'false'),
('45', '45', '0', 'name 45', 'avatar.png', '24', 'Ha Noi 45', 'false'),
('46', '46', '0', 'name 46', 'avatar.png', '22', 'Ha Noi 46', 'false'),
('47', '47', '0', 'name 47', 'avatar.png', '20', 'Ha Noi 47', 'false'),
('48', '48', '0', 'name 48', 'avatar.png', '26', 'Ha Noi 48', 'false'),
('49', '49', '0', 'name 49', 'avatar.png', '21', 'Ha Noi 49', 'false'),
('50', '50', '0', 'name 50', 'avatar.png', '27', 'Ha Noi 50', 'false'),
('51', '51', '0', 'name 51', 'avatar.png', '26', 'Ha Noi 51', 'false'),
('52', '52', '0', 'name 52', 'avatar.png', '27', 'Ha Noi 52', 'false'),
('53', '53', '0', 'name 53', 'avatar.png', '24', 'Ha Noi 53', 'false'),
('54', '54', '0', 'name 54', 'avatar.png', '20', 'Ha Noi 54', 'false'),
('55', '55', '0', 'name 55', 'avatar.png', '26', 'Ha Noi 55', 'false'),
('56', '56', '0', 'name 56', 'avatar.png', '21', 'Ha Noi 56', 'false'),
('57', '57', '0', 'name 57', 'avatar.png', '24', 'Ha Noi 57', 'false'),
('58', '58', '0', 'name 58', 'avatar.png', '29', 'Ha Noi 58', 'false'),
('59', '59', '0', 'name 59', 'avatar.png', '25', 'Ha Noi 59', 'false'),
('60', '60', '0', 'name 60', 'avatar.png', '23', 'Ha Noi 60', 'false'),
('61', '61', '0', 'name 61', 'avatar.png', '28', 'Ha Noi 61', 'false'),
('62', '62', '0', 'name 62', 'avatar.png', '20', 'Ha Noi 62', 'false'),
('63', '63', '0', 'name 63', 'avatar.png', '23', 'Ha Noi 63', 'false'),
('64', '64', '0', 'name 64', 'avatar.png', '22', 'Ha Noi 64', 'false'),
('65', '65', '0', 'name 65', 'avatar.png', '27', 'Ha Noi 65', 'false'),
('66', '66', '0', 'name 66', 'avatar.png', '29', 'Ha Noi 66', 'false'),
('67', '67', '0', 'name 67', 'avatar.png', '21', 'Ha Noi 67', 'false'),
('68', '68', '0', 'name 68', 'avatar.png', '22', 'Ha Noi 68', 'false'),
('69', '69', '0', 'name 69', 'avatar.png', '22', 'Ha Noi 69', 'false'),
('70', '70', '0', 'name 70', 'avatar.png', '21', 'Ha Noi 70', 'false'),
('71', '71', '0', 'name 71', 'avatar.png', '27', 'Ha Noi 71', 'false'),
('72', '72', '0', 'name 72', 'avatar.png', '26', 'Ha Noi 72', 'false'),
('73', '73', '0', 'name 73', 'avatar.png', '22', 'Ha Noi 73', 'false'),
('74', '74', '0', 'name 74', 'avatar.png', '29', 'Ha Noi 74', 'false'),
('75', '75', '0', 'name 75', 'avatar.png', '23', 'Ha Noi 75', 'false'),
('76', '76', '0', 'name 76', 'avatar.png', '26', 'Ha Noi 76', 'false'),
('77', '77', '0', 'name 77', 'avatar.png', '26', 'Ha Noi 77', 'false'),
('78', '78', '0', 'name 78', 'avatar.png', '26', 'Ha Noi 78', 'false'),
('79', '79', '0', 'name 79', 'avatar.png', '20', 'Ha Noi 79', 'false'),
('80', '80', '0', 'name 80', 'avatar.png', '27', 'Ha Noi 80', 'false'),
('81', '81', '0', 'name 81', 'avatar.png', '27', 'Ha Noi 81', 'false'),
('82', '82', '0', 'name 82', 'avatar.png', '22', 'Ha Noi 82', 'false'),
('83', '83', '0', 'name 83', 'avatar.png', '23', 'Ha Noi 83', 'false'),
('84', '84', '0', 'name 84', 'avatar.png', '21', 'Ha Noi 84', 'false'),
('85', '85', '0', 'name 85', 'avatar.png', '21', 'Ha Noi 85', 'false'),
('86', '86', '0', 'name 86', 'avatar.png', '23', 'Ha Noi 86', 'false'),
('87', '87', '0', 'name 87', 'avatar.png', '24', 'Ha Noi 87', 'false'),
('88', '88', '0', 'name 88', 'avatar.png', '27', 'Ha Noi 88', 'false'),
('89', '89', '0', 'name 89', 'avatar.png', '25', 'Ha Noi 89', 'false'),
('90', '90', '0', 'name 90', 'avatar.png', '26', 'Ha Noi 90', 'false'),
('91', '91', '0', 'name 91', 'avatar.png', '25', 'Ha Noi 91', 'false'),
('92', '92', '0', 'name 92', 'avatar.png', '20', 'Ha Noi 92', 'false'),
('93', '93', '0', 'name 93', 'avatar.png', '23', 'Ha Noi 93', 'false'),
('94', '94', '0', 'name 94', 'avatar.png', '25', 'Ha Noi 94', 'false'),
('95', '95', '0', 'name 95', 'avatar.png', '21', 'Ha Noi 95', 'false'),
('96', '96', '0', 'name 96', 'avatar.png', '26', 'Ha Noi 96', 'false'),
('97', '97', '0', 'name 97', 'avatar.png', '25', 'Ha Noi 97', 'false'),
('98', '98', '0', 'name 98', 'avatar.png', '29', 'Ha Noi 98', 'false'),
('99', '99', '0', 'name 99', 'avatar.png', '24', 'Ha Noi 99', 'false'),
('100', '100', '0', 'name 100', 'avatar.png', '25', 'Ha Noi 100', 'false')

--Update--------------------------------------------------------------------
update student
set list_course_registered = '[1, 2]'
where student.id = 6
----------------------------------------------------------------------
alter table course
drop column list_lession